Type,Location,Latitude,Longitude
Hydrant,Hanover Business Center,37.74391079,-77.47024996
Hydrant,Hanover Business Center,37.74399277,-77.4706695
Hydrant,Patrick Henry Family YMCA (Addition and Renovation),37.74414714,-77.47972628
Hydrant,Route 1 16-inch Waterline 1972,37.74433278,-77.47142405
Hydrant,Ashland Business Park,37.7443658,-77.46643877
Hydrant,Ashland Business Park,37.74439091,-77.4684262
Hydrant,Interflex,37.74463321,-77.4630094
Hydrant,Hanover Business Center,37.74463652,-77.46962828
Hydrant,Business Ln,37.744925,-77.462995
Hydrant,,37.74494115,-77.48240304
Hydrant,Oak Hill Sewer Rehabilitation,37.74494411,-77.50779807
Hydrant,Patrick Henry YMCA Phase 1,37.74497421,-77.47879934
Hydrant,Patrick Henry YMCA Phase 1,37.74514461,-77.47897267
Hydrant,,37.74522563,-77.48148422
Hydrant,Ashland Business Park,37.74546653,-77.46589834
Hydrant,Interflex,37.74551984,-77.4626707
Hydrant,Schooler Center Fast Mart,37.74573395,-77.46986472
Hydrant,Ashland Business Park,37.74610651,-77.47087177
Hydrant,Presidential Business Center,37.74612825,-77.46481261
Hydrant,Sheets Convenience Store - Ashland,37.7462014,-77.47247753
Hydrant,Logan's Run,37.74640353,-77.4832676
Hydrant,Ashland Business Park,37.74652021,-77.46601088
Hydrant,Presidential Business Center,37.74659056,-77.46289103
Hydrant,Presidential Business Center,37.74665011,-77.46355893
Hydrant,Ashcake Road Waterline 1987,37.7467691,-77.48157363
Hydrant,Presidential Business Center,37.74681389,-77.46544739
Hydrant,Ashcake Road Waterline 1987,37.74685769,-77.48479246
Hydrant,Presidential Business Center,37.74690929,-77.4643679
Hydrant,Ashcake Road Waterline 1987,37.74695374,-77.47440328
Hydrant,Route 1 16-inch Waterline 1972,37.74701212,-77.4715006
Hydrant,Presidential Business Center,37.7470307,-77.46406795
Hydrant,Ashcake Road Waterline 1987,37.74708037,-77.47776982
Hydrant,Ashland,37.74730528,-77.47940839
Hydrant,Slash Cottage Section 2,37.74734471,-77.47846722
Hydrant,Slash Cottage Section 2,37.74739045,-77.47574716
Hydrant,Slash Cottage Section 2,37.74739599,-77.47728954
Hydrant,Slash Cottage,37.74768774,-77.48060856
Hydrant,Presidential Business Center,37.74778128,-77.46506481
Hydrant,Slash Cottage Section 2,37.74822468,-77.47838182
Hydrant,Slash Cottage Section 2,37.74855029,-77.47715425
Hydrant,Slash Cottage Section 3,37.74856818,-77.47592606
Hydrant,Ashland Business Park,37.74859145,-77.46455052
Hydrant,Slash Cottage Section 3,37.74860507,-77.47465281
Hydrant,Ashland,37.74910935,-77.48410559
Hydrant,Slash Cottage,37.74911384,-77.47888341
Hydrant,Ashland Simply Storage Waterline,37.7491234,-77.47101566
Hydrant,Ashland Business Park,37.74926695,-77.46339931
Hydrant,Ashland,37.74944935,-77.46292849
Hydrant,Ashland,37.74948381,-77.46103551
Hydrant,Route 1 16-inch Waterline 1972,37.74951347,-77.4716235
Hydrant,South Center St & Early St Waterline,37.74962562,-77.48627797
Hydrant,Slash Cottage Section 4,37.74967694,-77.48060205
Hydrant,Slash Cottage Section 3,37.74985736,-77.47601187
Hydrant,South Center St & Early St Waterline,37.75007614,-77.48421233
Hydrant,Ashland,37.75022758,-77.46197818
Hydrant,Slash Cottage Section 4,37.75023355,-77.47826355
Hydrant,Ashland,37.75029022,-77.47104253
Hydrant,Ashland,37.75031585,-77.46967304
Hydrant,Ashland,37.75042633,-77.48366821
Hydrant,Slash Cottage,37.7504378,-77.47448146
Hydrant,Ashland,37.75050954,-77.46256787
Hydrant,Slash Cottage Section 4,37.75071733,-77.4762623
Hydrant,Maple Street Subdivision,37.75085802,-77.48003093
Hydrant,Ashland,37.75096619,-77.48560621
Hydrant,Ashland,37.75101296,-77.46416596
Hydrant,Jones Water and Sewer Extension,37.7511545,-77.48185236
Hydrant,James Street Area Water 1982,37.75148331,-77.48384968
Hydrant,Sedgefield Phase 2,37.75161135,-77.46632935
Hydrant,Ashland,37.7516349,-77.483284
Hydrant,Pleasant Street Reservoir and Pumping Station,37.75172898,-77.47351572
Hydrant,Sedgefield Phase 2,37.75176223,-77.46806977
Hydrant,Hill Carter Parkway and Junction Drive Extended,37.75179246,-77.46097953
Hydrant,James Street Area Water 1982,37.75184763,-77.48559938
Hydrant,Ashland,37.75222718,-77.47577754
Hydrant,Maple Street Subdivision,37.75223584,-77.47847905
Hydrant,Sedgefield Phase 3,37.75224213,-77.46359504
Hydrant,Ashland,37.75230212,-77.47973403
Hydrant,Ashland,37.75233308,-77.4810914
Hydrant,James Street Area Water 1982,37.75234993,-77.48738761
Hydrant,Ashland,37.75244877,-77.47456447
Hydrant,Sedgefield Phase 2,37.75247126,-77.46769056
Hydrant,Sedgefield Phase 2,37.75272573,-77.46565597
Hydrant,Ashland,37.75289058,-77.4828944
Hydrant,James Street Area Water 1982,37.7529921,-77.48587568
Hydrant,Sedgefield Phase 2,37.75309299,-77.46722489
Hydrant,James Street Area Water 1982,37.7531112,-77.48864067
Hydrant,Sedgefield Phase 2,37.75316276,-77.46928561
Hydrant,Howard Street Waterline,37.75318374,-77.4832949
Hydrant,Arlington Street Area Water 1982,37.75321104,-77.47780788
Hydrant,Route 1 - Arbor Oak to Myrtle,37.75325934,-77.47115407
Hydrant,Arlington Street Area Water 1982,37.75331178,-77.47953835
Hydrant,Sedgefield Phase 3,37.75337326,-77.46331969
Hydrant,McMurdo Street Waterline and Sewer Lateral Replacement,37.75337368,-77.48095199
Hydrant,McMurdo Street Waterline and Sewer Lateral Replacement,37.75342715,-77.48267945
Hydrant,Sedgefield Phase 3,37.75352502,-77.46462723
Hydrant,James Street Area Water 1982,37.75366815,-77.48475882
Hydrant,Ashland,37.75366888,-77.47384138
Hydrant,Hill Carter Parkway and Junction Drive Extended,37.75372451,-77.46144131
Hydrant,Ashland,37.75384025,-77.47545293
Hydrant,Walmart - Ashland,37.75396032,-77.45936188
Hydrant,James Street Area Water 1982,37.75407277,-77.48685689
Hydrant,Ashland Junction Shopping Center 1990,37.75415915,-77.46906849
Hydrant,Ashland,37.75436424,-77.48235859
Hydrant,"Ashland Waterline Improvements - Snead, Hanover, Beverly 1984",37.75449723,-77.4903979
Hydrant,Ashland,37.75459613,-77.46702526
Hydrant,Route 1 Short St & Arlington St Waterline Improvements,37.75478105,-77.4716699
Hydrant,Ashland,37.75481664,-77.47745616
Hydrant,Ashland Junction Shopping Center 1990,37.75489606,-77.47067864
Hydrant,Ashland,37.75489665,-77.47397431
Hydrant,Ashland,37.75492347,-77.47566244
Hydrant,Arlington Street Area Water 1982,37.75493783,-77.47948151
Hydrant,Hill Carter Parkway and Junction Drive Extended,37.75497645,-77.46307297
Hydrant,Walmart - Ashland,37.75499063,-77.46063126
Hydrant,Ashland Junction Shopping Center 1990,37.75500664,-77.46880044
Hydrant,Arlington Street Area Water 1982,37.75501843,-77.48086842
Hydrant,Ashland,37.75516728,-77.48426519
Hydrant,Ashland,37.75520979,-77.47260668
Hydrant,Ashland,37.75531973,-77.482119
Hydrant,Hill Carter Parkway and Junction Drive Extended,37.75536721,-77.46432283
Hydrant,Ashland,37.75538039,-77.47599562
Hydrant,Arlington Square Townhouses,37.75538045,-77.47742663
Hydrant,James Street Area Water 1982,37.75540816,-77.48645748
Hydrant,Beverly Road Waterline Replacement,37.75557574,-77.49079637
Hydrant,Walmart - Ashland,37.75561736,-77.45889946
Hydrant,Hill Carter Parkway and Junction Drive Extended,37.75570063,-77.46321214
Hydrant,Snead Street Area Waterline Improvements,37.75571854,-77.48979272
Hydrant,Tractor Supply Ashland,37.75574,-77.46598
Hydrant,Hill Carter Parkway and Junction Drive Extended,37.75577514,-77.46567022
Hydrant,Walmart - Ashland,37.75582084,-77.46246888
Hydrant,Ashland,37.75589175,-77.47404534
Hydrant,Ashland Junction Shopping Center 1990,37.75593994,-77.46760474
Hydrant,Arlington Street Area Water 1982,37.75598774,-77.47906675
Hydrant,Arlington Square Townhouses,37.75608245,-77.47741942
Hydrant,Walmart - Ashland,37.75613202,-77.46156849
Hydrant,Chapman and Stebbins Street Water Main Replacement,37.75619141,-77.4829497
Hydrant,Walmart - Ashland,37.75620233,-77.46030578
Hydrant,Hill Carter Parkway and Junction Drive Extended,37.75634341,-77.46291515
Hydrant,Snead Street Area Waterline Improvements,37.75650421,-77.48820622
Hydrant,Ashland Junction Shopping Center 1990,37.75653374,-77.47115936
Hydrant,Ashland,37.75657191,-77.47164462
Hydrant,Ashland,37.75658518,-77.4817934
Hydrant,James Street Area Water 1982,37.7566138,-77.48410073
Hydrant,Beverly Road Waterline Replacement,37.75672159,-77.49116444
Hydrant,Ashland,37.75676655,-77.47351957
Hydrant,Ashland,37.756808,-77.47618685
Hydrant,Hanover Avenue Waterline,37.75685678,-77.48594255
Hydrant,Ashland,37.75687493,-77.47746175
Hydrant,Ashland,37.7568954,-77.48612403
Hydrant,Ashland,37.75694783,-77.47884591
Hydrant,Ashland,37.75699786,-77.475915
Hydrant,Ashland,37.75700753,-77.48050409
Hydrant,Ashland,37.75703504,-77.4598983
Hydrant,Sleep Inn Hotel - Ashland,37.75705378,-77.46914253
Hydrant,Hill Carter Parkway,37.75720604,-77.46329446
Hydrant,Hill Carter Parkway,37.75720826,-77.46259913
Hydrant,Sleep Inn Hotel - Ashland,37.75722254,-77.46817549
Hydrant,Hampton Inn Route 54,37.75739811,-77.46993484
Hydrant,James Street Area Water 1982,37.75750059,-77.48579224
Hydrant,East Coast Gas Station 1994,37.75752352,-77.46789449
Hydrant,Sleep Inn Hotel - Ashland,37.75754446,-77.46828525
Hydrant,Ashland Waterline Improvements,37.75761189,-77.48458824
Hydrant,Rt 1 & Rt 54 Waterline Improvements,37.75764362,-77.47137366
Hydrant,Ashland Rescue Squad 1988,37.75771985,-77.48347994
Hydrant,Applebee's (Ashland),37.75775547,-77.46275264
Hydrant,Ashland Waterline Improvements,37.75775819,-77.47901932
Hydrant,,37.75783344,-77.48089331
Hydrant,Blair Manor,37.75786708,-77.47701007
Hydrant,Ashland,37.75789076,-77.4813759
Hydrant,Ruby Tuesday - Ashland,37.75795079,-77.4663028
Hydrant,Wendys Waterline Extension 1981,37.75802955,-77.46552829
Hydrant,Ashland Holiday Inn - Citgo Store,37.75806534,-77.46163377
Hydrant,Hampton Inn Route 54,37.75809613,-77.46992196
Hydrant,Hill Carter Parkway,37.75815278,-77.46458887
Hydrant,Hill Carter Parkway,37.75815848,-77.46366524
Hydrant,Snead Street Area Waterline Improvements,37.7581683,-77.48916302
Hydrant,Rt 1 & Rt 54 Waterline Improvements,37.75818455,-77.47084739
Hydrant,Ashland Waterline Improvements,37.75820271,-77.48302802
Hydrant,Ashland,37.7582786,-77.48128605
Hydrant,Ashland Holiday Inn - Citgo Store,37.7582867,-77.4610029
Hydrant,Ashland,37.75830859,-77.47604471
Hydrant,Ashland,37.75832372,-77.47999007
Hydrant,Ashland,37.75837498,-77.47189023
Hydrant,Beverly Road Waterline Replacement,37.75847885,-77.49215651
Hydrant,Snead Street Area Waterline Improvements,37.75851547,-77.49137954
Hydrant,Ashland,37.7586214,-77.47316467
Hydrant,Ashland,37.75865581,-77.48152472
Hydrant,Ashland,37.75866998,-77.47859496
Hydrant,Ashland,37.75869329,-77.47508219
Hydrant,Thompson Street Reconstruction,37.75873603,-77.48214947
Hydrant,England Street Water & Sewer,37.75878915,-77.4803253
Hydrant,Hill Carter Parkway,37.75880555,-77.46392165
Hydrant,Ashland,37.75881021,-77.47717991
Hydrant,Ashland,37.75887375,-77.46188105
Hydrant,Ashland Waterline Improvements,37.7589539,-77.48317736
Hydrant,,37.759032,-77.479984
Hydrant,,37.759032,-77.479984
Hydrant,Ashland,37.75906976,-77.46280525
Hydrant,Ashland,37.75925265,-77.46829972
Hydrant,Ashland,37.7592719,-77.46788462
Hydrant,,37.75939071,-77.48529964
Hydrant,Ashland,37.75944858,-77.48133711
Hydrant,Pamunkey Regional Jail Facility 1998,37.75948512,-77.35300844
Hydrant,Ashland,37.75955391,-77.47172051
Hydrant,Carter Luck Properties Sewer & Water 1976,37.75958884,-77.46934936
Hydrant,Hill Carter Parkway,37.75959877,-77.46400016
Hydrant,James Street Area Water 1982,37.759608,-77.48516329
Hydrant,Thompson Street Reconstruction,37.75972589,-77.48705021
Hydrant,Pamunkey Regional Jail Facility 1998,37.75974283,-77.35487396
Hydrant,Pamunkey Regional Jail Facility 1998,37.75976378,-77.35285505
Hydrant,Ashland,37.75979312,-77.47342031
Hydrant,College Ave & Route 1 Waterline 1966,37.75986873,-77.47479044
Hydrant,,37.75987923,-77.46172067
Hydrant,College Ave & Route 1 Waterline 1966,37.75988266,-77.47606198
Hydrant,Carter Luck Properties Sewer & Water 1976,37.75996488,-77.46474312
Hydrant,Thompson Street Reconstruction,37.76000219,-77.4886717
Hydrant,Ashland,37.76007599,-77.47898264
Hydrant,College Ave & Route 1 Waterline 1966,37.76011083,-77.47808608
Hydrant,Thompson Street Reconstruction,37.76030144,-77.48999757
Hydrant,Ashland Hanover Shopping Center 1978,37.76042741,-77.46966894
Hydrant,Route 54 Water Main Phase 1,37.76047264,-77.4561959
Hydrant,Thompson Street Reconstruction,37.76056948,-77.49043687
Hydrant,Cottage Green Condominiums,37.76067319,-77.46728736
Hydrant,Pamunkey Regional Jail Facility 1998,37.76072993,-77.3635154
Hydrant,Thompson Street Reconstruction,37.76078532,-77.49172311
Hydrant,Ashland,37.76085149,-77.48265756
Hydrant,Pamunkey Regional Jail Facility 1998,37.76086614,-77.35440781
Hydrant,Ashland,37.7609451,-77.47782945
Hydrant,Ashland Hanover Shopping Center 1978,37.76100822,-77.4683854
Hydrant,Cottage Green Condominiums,37.76103665,-77.46764033
Hydrant,Cottage Green Condominiums,37.76105436,-77.46685198
Hydrant,Thompson Street Reconstruction,37.76113609,-77.4923087
Hydrant,Ashland,37.76119234,-77.47495669
Hydrant,Ashland Waterline Improvements,37.76119676,-77.47458253
Hydrant,Ashland,37.7612435,-77.46145272
Hydrant,Ashland,37.76129532,-77.47204384
Hydrant,Cottage Green Condominiums,37.76138179,-77.46799603
Hydrant,Ashland,37.76143396,-77.47742336
Hydrant,Cottage Green Condominiums,37.76145646,-77.46696774
Hydrant,Century Concrete,37.7615573,-77.45601254
Hydrant,Ashland,37.7615596,-77.48633479
Hydrant,College Ave & Route 1 Waterline 1966,37.76160989,-77.47133669
Hydrant,Ashland,37.7616912,-77.4697181
Hydrant,Cottage Green Condominiums,37.76178086,-77.46608181
Hydrant,Cottage Green Condominiums,37.76181976,-77.46477475
Hydrant,Ashland,37.76188008,-77.46063303
Hydrant,Ashland Waterline Improvements,37.76193951,-77.4743316
Hydrant,Ashland,37.76195417,-77.48825867
Hydrant,Ashland Waterline Improvements,37.76199327,-77.47282056
Hydrant,Cottage Green Condominiums,37.76207081,-77.46574387
Hydrant,Ashland,37.76208167,-77.4679787
Hydrant,RMC Brock Center,37.762108,-77.477445
Hydrant,Cottage Green Condominiums,37.76215774,-77.46488736
Hydrant,Century Concrete,37.76216363,-77.4561899
Hydrant,Ashland,37.76226375,-77.48983507
Hydrant,Ashland Woods Phase 2,37.76232428,-77.47070425
Hydrant,Ashland Gardens,37.76236054,-77.46895119
Hydrant,Cottage Green Condominiums,37.76241896,-77.46426932
Hydrant,Ashland Woods Phase 2,37.76242404,-77.4700741
Hydrant,Ashland,37.76252714,-77.47500999
Hydrant,Ashland Woods Phase 1,37.76255507,-77.46940464
Hydrant,Ashland Woods Phase 1,37.76255521,-77.46878446
Hydrant,Hill Carter Parkway,37.76258869,-77.46180562
Hydrant,Laurel Woods Apartments 1987,37.76259933,-77.4672186
Hydrant,Ashland,37.76269105,-77.49185064
Hydrant,Ashland,37.76272164,-77.48412162
Hydrant,Hanover Courthouse Fire Station Waterline 1997,37.76278002,-77.36705259
Hydrant,Route 54 Transmission Main 1965,37.76279433,-77.49359657
Hydrant,Ashland,37.76280439,-77.48022737
Hydrant,Pamunkey Regional Jail Facility 1998,37.76280745,-77.36620947
Hydrant,Ashland,37.76281501,-77.46090445
Hydrant,Hanover Courthouse Fire Station Waterline 1997,37.76282337,-77.3676524
Hydrant,Ashland,37.76284667,-77.4773034
Hydrant,Ashland Woods Phase 2,37.76296706,-77.47076906
Hydrant,Ashland Woods Phase 1,37.76299198,-77.46882631
Hydrant,Century Concrete,37.76302461,-77.45623018
Hydrant,Ashland Waterline Improvements,37.76304169,-77.47277847
Hydrant,Route 54 Water Main Phase 1,37.7630516,-77.45991689
Hydrant,RMC,37.76313,-77.47721
Hydrant,College Ave & Route 1 Waterline 1966,37.7631488,-77.47138277
Hydrant,Ashland,37.76316243,-77.48780278
Hydrant,Hanover County Government Complex,37.76323357,-77.36604103
Hydrant,,37.76327221,-77.46797131
Hydrant,,37.76329123,-77.4783676
Hydrant,Ashland Woods Phase 2,37.76339337,-77.47032094
Hydrant,Ashland,37.76345281,-77.48127456
Hydrant,Ashland Woods Phase 2,37.76348152,-77.4712473
Hydrant,Courthouse Water System Modifications and Ashland Sewer 2001,37.76348822,-77.36475724
Hydrant,Ashland,37.76348932,-77.48943354
Hydrant,Ashland Woods Phase 1,37.76351165,-77.46941223
Hydrant,Ashland,37.76364597,-77.47965932
Hydrant,Hanover County Government Complex,37.763747,-77.36548842
Hydrant,Ashland,37.76381374,-77.46017364
Hydrant,Ashland,37.76382609,-77.48318517
Hydrant,Ashland,37.76383831,-77.49124366
Hydrant,Hanover County Government Complex,37.76387522,-77.36697908
Hydrant,Hanover Courthouse Fire Station Waterline 1997,37.76392204,-77.36832242
Hydrant,RMC Sports and Recreation Center,37.7641498,-77.4786126
Hydrant,Ashland,37.76424119,-77.48777088
Hydrant,W & W Business Center,37.7642868,-77.36859974
Hydrant,Ashland,37.7643101,-77.49305413
Hydrant,Ashland,37.7643614,-77.47681087
Hydrant,Ashland,37.76441905,-77.48742429
Hydrant,Hanover Administration Building 1999,37.76447323,-77.36489173
Hydrant,Route 54 Transmission Main 1965,37.76448743,-77.49466968
Hydrant,Ashland,37.76450881,-77.46893762
Hydrant,Ashland,37.76451768,-77.47018204
Hydrant,Hanover County Public Safety Building 1993,37.76458182,-77.36647844
Hydrant,Ashland,37.76463662,-77.49103673
Hydrant,RMC,37.764977,-77.4766
Hydrant,Ashland,37.76498011,-77.49242739
Hydrant,Hanover County Public Safety Building 1993,37.76502926,-77.36605692
Hydrant,Ashland,37.76518466,-77.48052885
Hydrant,Ashland,37.76519726,-77.47014592
Hydrant,RMC ,37.765198,-77.476524
Hydrant,Ashland,37.76530925,-77.46888006
Hydrant,Ashland,37.76532246,-77.49451836
Hydrant,Ashland,37.76540075,-77.49387677
Hydrant,College Ave & Route 1 Waterline 1966,37.76550958,-77.47111923
Hydrant,North Ashland Plaza,37.76568459,-77.47150338
Hydrant,Ashland,37.76593515,-77.47606196
Hydrant,Ashland,37.76594739,-77.486871
Hydrant,Ashland,37.76600529,-77.47425492
Hydrant,Ashland,37.76604387,-77.48165076
Hydrant,Hanover Courthouse Fire Station Waterline 1997,37.76608283,-77.36966478
Hydrant,Ashland,37.76623175,-77.48526009
Hydrant,Ashland,37.76631486,-77.47915852
Hydrant,Ashland,37.76633265,-77.46937461
Hydrant,Hanover Courthouse A/B corner ,37.76644347,-77.36729108
Hydrant,A&B Street WL Replacement,37.76657206,-77.47618528
Hydrant,Smith Street Relocation,37.76657753,-77.47872447
Hydrant,Ashland,37.76665306,-77.48299193
Hydrant,Ashland,37.76669445,-77.4961336
Hydrant,A&B Street WL Replacement,37.76683574,-77.47731615
Hydrant,Ashland,37.76727226,-77.49026663
Hydrant,Ashland,37.76735112,-77.47699403
Hydrant,Ashland,37.76736566,-77.47917063
Hydrant,College Ave & Route 1 Waterline 1966,37.76756465,-77.47039499
Hydrant,,37.76764836,-77.49597768
Hydrant,Ashland,37.76772455,-77.49680497
Hydrant,North Macon Terrace Section 2,37.76775162,-77.48381689
Hydrant,Ashland,37.76777449,-77.47092928
Hydrant,Ashland,37.76782341,-77.4726351
Hydrant,Ashland,37.76782533,-77.47838521
Hydrant,Ashland,37.76784498,-77.48108886
Hydrant,Ashland,37.76803978,-77.46902768
Hydrant,Ashland,37.76804759,-77.47404444
Hydrant,Ashland,37.76828234,-77.47553839
Hydrant,Ashland,37.7683122,-77.46852663
Hydrant,North Macon Terrace Section 1,37.76839555,-77.48572998
Hydrant,Hanover Courthouse Fire Station Waterline 1997,37.76847021,-77.37075033
Hydrant,Ashland,37.76847765,-77.47884213
Hydrant,North Macon Terrace Section 1,37.76850898,-77.48476588
Hydrant,Ashland,37.76852966,-77.46349184
Hydrant,Ashland,37.76857911,-77.47741538
Hydrant,North Macon Terrace Section 1,37.76863412,-77.48296424
Hydrant,Chapman and Stebbins Street Water Main Replacement,37.76866315,-77.48986931
Hydrant,Ashland,37.76882027,-77.48079809
Hydrant,Ashland,37.76891173,-77.46967909
Hydrant,Woodside Estates Offsite Utilities,37.76898768,-77.46133738
Hydrant,Ashland,37.76914251,-77.48270493
Hydrant,Route 54 Transmission Main 1965,37.76916524,-77.49774435
Hydrant,School Street Waterline Replacement,37.76940886,-77.47402096
Hydrant,Ashland Park 1983,37.76943449,-77.46457761
Hydrant,Ashland,37.76972151,-77.47558459
Hydrant,Slaydens Creek Wastewater Pump Station,37.76983534,-77.44288199
Hydrant,Hanover Courthouse Fire Station Waterline 1997,37.7700721,-77.37101492
Hydrant,Ashland,37.77021217,-77.46901592
Hydrant,Ashland,37.7704422,-77.48279837
Hydrant,Ashland Park 1983,37.77058383,-77.46693422
Hydrant,Carters Hill,37.77068913,-77.48868565
Hydrant,Hanover Fire - EMS Station #1,37.77104236,-77.47090842
Hydrant,Hanover Fire - EMS Station #1,37.77106468,-77.46927814
Hydrant,Hanover Fire - EMS Station #1,37.77119721,-77.47026118
Hydrant,Hanover Fire - EMS Station #1,37.77128804,-77.47100143
Hydrant,Route 54 Transmission Main 1965,37.77155902,-77.49940537
Hydrant,Ashland Park 1983,37.7715925,-77.46451986
Hydrant,Woodside Estates Offsite Utilities,37.77171329,-77.46158845
Hydrant,Ashland,37.77186719,-77.46827448
Hydrant,Carters Hill,37.77208336,-77.48625739
Hydrant,per Billy Hebert email dated 5/20/2011,37.77218398,-77.46425834
Hydrant,AWWTP 2009,37.77229972,-77.47823474
Hydrant,Woodside Estates - Section 1,37.77234007,-77.44440254
Hydrant,Carters Hill,37.7724542,-77.4832853
Hydrant,Carters Hill,37.772508,-77.48869875
Hydrant,Woodside Estates - Section 1,37.77300328,-77.4469132
Hydrant,Woodside Estates - Section 1,37.77321924,-77.44178614
Hydrant,Woodside Estates - Section 1,37.77343708,-77.44497211
Hydrant,Carters Hill,37.77357302,-77.48826258
Hydrant,Carters Hill,37.77363158,-77.48679836
Hydrant,AWWTP 2009,37.77371431,-77.47902817
Hydrant,Carters Hill,37.7737864,-77.48353965
Hydrant,Carters Hill,37.77379825,-77.48511611
Hydrant,Woodside Estates - Section 1,37.77417034,-77.44170854
Hydrant,Woodside Estates Offsite Utilities,37.77419739,-77.44797922
Hydrant,Woodside Estates Offsite Utilities,37.77444308,-77.4615238
Hydrant,Route 54 Transmission Main 1965,37.77445044,-77.50221479
Hydrant,Best Products Water & Sewer 1977,37.77452346,-77.46749154
Hydrant,Carters Hill,37.77457769,-77.48336968
Hydrant,Carter Hill,37.77462349,-77.48335176
Hydrant,Ashland,37.7746448,-77.46565467
Hydrant,Route 54 Transmission Main 1965,37.77489663,-77.5071961
Hydrant,Route 54 Transmission Main 1965,37.77506554,-77.51110465
Hydrant,AWWTP 2009,37.77559478,-77.4793526
Hydrant,Route 54 Transmission Main 1965,37.77610109,-77.51595234
Hydrant,Woodside Estates Offsite Utilities,37.77617154,-77.45966691
Hydrant,Woodside Estates Offsite Utilities,37.776202,-77.45674545
Hydrant,Woodside Estates Offsite Utilities,37.77623786,-77.45484191
Hydrant,Woodside Estates Offsite Utilities,37.77653456,-77.45146946
Hydrant,Best Products Water & Sewer 1977,37.77690344,-77.46631028
Hydrant,Woodside Estates Offsite Utilities,37.77699074,-77.44839451
Hydrant,Poor Farm Park Offsite Waterline Extension Fire Training Center,37.77764312,-77.54347619
Hydrant,Poor Farm Park Offsite Waterline Extension Fire Training Center,37.77815511,-77.54310261
Hydrant,Poor Farm Park Offsite Waterline Extension Fire Training Center,37.7781875,-77.54269016
Hydrant,Route 54 Transmission Main 1965,37.77843207,-77.51972793
Hydrant,Best Products Water & Sewer 1977,37.77968032,-77.46663062
Hydrant,Poor Farm Park Waterline Parts A and B,37.78062628,-77.53508665
Hydrant,,37.78076031,-77.53178542
Hydrant,Poor Farm Park Waterline Parts A and B,37.78093355,-77.54049032
Hydrant,Route 54 Transmission Main 1965,37.78111681,-77.52399286
Hydrant,Best Products Water & Sewer 1977,37.78209841,-77.46590795
Hydrant,Route 54 Transmission Main 1965,37.78364823,-77.52810702
Hydrant,Best Products Water & Sewer 1977,37.78552847,-77.46628176
Hydrant,Route 54 Transmission Main 1965,37.78614326,-77.53223884
Hydrant,Best Products Water & Sewer 1977,37.78712211,-77.46558468
Hydrant,Route 54 Transmission Main 1965,37.78863704,-77.53598408
Hydrant,Best Products Water & Sewer 1977,37.79030929,-77.46559712
Hydrant,Route 54 Transmission Main 1965,37.79167221,-77.53993965
Hydrant,Country Club Hills Section 6,37.79315001,-77.53942341
Hydrant,Best Products Water & Sewer 1977,37.79341849,-77.46537043
Hydrant,,37.79429256,-77.544982
Hydrant,Route 54 Transmission Main 1965,37.79464426,-77.54389238
Hydrant,Ashland - Doswell Watermain 1998,37.79514499,-77.46587812
Hydrant,Country Club Hills Section 6,37.79532519,-77.54218644
Hydrant,Ashland Water Relocation,37.79539953,-77.47188824
Hydrant,Country Club Hills Section 1 and 2,37.7962186,-77.54344305
Hydrant,Country Club Hills Section 1 and 2,37.79703205,-77.54660111
Hydrant,Country Club Hills Section 1 and 2,37.79733172,-77.5423169
Hydrant,Ashland - Doswell Watermain 1998,37.79739837,-77.46791627
Hydrant,Country Club Hills Section 1 and 2,37.79838062,-77.54545581
Hydrant,Ashland - Doswell Watermain 1998,37.79851971,-77.47046112
Hydrant,Country Club Hills Section 1 and 2,37.80038463,-77.54646128
Hydrant,Country Club Hills Section 9,37.80048948,-77.54140372
Hydrant,Country Club Hills Section 4,37.80067434,-77.542953
Hydrant,Ashland - Doswell Watermain 1998,37.80072778,-77.47209678
Hydrant,Country Club Hills Section 4,37.80160133,-77.54616255
Hydrant,Country Club Hills Section 9,37.80224278,-77.54005004
Hydrant,Country Club Hills Section 7,37.80262922,-77.54288779
Hydrant,Country Club Hills Section 7,37.8027738,-77.54185362
Hydrant,Country Club Hills Section 10 and 11,37.80365315,-77.54575523
Hydrant,Ashland - Doswell Watermain 1998,37.80396426,-77.47250834
Hydrant,Ashland - Doswell Watermain 1998,37.80427597,-77.4736017
Hydrant,Country Club Hills Section 10 and 11,37.80483402,-77.54296351
Hydrant,Country Club Hills Section 10 and 11,37.80554881,-77.54529989
Hydrant,Ashland - Doswell Watermain 1998,37.80612851,-77.47283233
Hydrant,Ashland - Doswell Watermain 1998,37.80847664,-77.47296382
Hydrant,Ashland - Doswell Watermain 1998,37.81132681,-77.4732229
Hydrant,Ashland - Doswell Watermain 1998,37.8129475,-77.47344624
Hydrant,Ashland - Doswell Watermain 1998,37.81588623,-77.47375676
Hydrant,Doswell Project 3B Waterline 1991,37.81705523,-77.45470177
Hydrant,Doswell Project 3B Waterline 1991,37.81711817,-77.4564657
Hydrant,Doswell Project 3A Waterline 1991,37.81750041,-77.44632296
Hydrant,Ashland - Doswell Watermain 1998,37.81772004,-77.46111976
Hydrant,Ashland - Doswell Watermain 1998,37.81859738,-77.47134572
Hydrant,Ashland - Doswell Watermain 1998,37.81873432,-77.46787655
Hydrant,Ashland - Doswell Watermain 1998,37.81878257,-77.47399188
Hydrant,Ashland - Doswell Watermain 1998,37.81878406,-77.46452551
Hydrant,Doswell Project 3B Waterline 1991,37.81891564,-77.45894834
Hydrant,Doswell Project 3A Waterline 1991,37.81946745,-77.4397054
Hydrant,Doswell Project 3A Waterline 1991,37.82002255,-77.43910181
Hydrant,Doswell Project 3B Waterline 1991,37.8207488,-77.45838119
Hydrant,Bear Island Utility Improvements 1980,37.82082316,-77.43223667
Hydrant,Doswell Project 3B Waterline 1991,37.82369494,-77.45771253
Hydrant,Bear Island Utility Improvements 1980,37.82739222,-77.43388283
Hydrant,Doswell Project 3B Waterline 1991,37.82785281,-77.45882837
Hydrant,Doswell Project 3B Waterline 1991,37.82930873,-77.45821753
Hydrant,Doswell Water Main Segment 1 Part A 1974,37.82990044,-77.43347672
Hydrant,Doswell Water Main Segment 1 Part A 1974,37.83288499,-77.43522095
Hydrant,Doswell Project 3B Waterline 1991,37.83737132,-77.45576504
Hydrant,"Doswell Road
Behind King's Dominion",37.83836,-77.437079
Hydrant,Doswell Project 3B Waterline 1991,37.83964834,-77.45539523
Hydrant,Doswell Project 3B Waterline 1991,37.84176093,-77.45508712
Hydrant,Kings Dominion Waterline Extension 1975,37.84325619,-77.45036991
Hydrant,Doswell Water Main Segment 2 1975,37.8433877,-77.46386942
Hydrant,Doswell Project 3B Waterline 1991,37.84358764,-77.45543871
Hydrant,"Doswell Rd
Behind King's Dominion",37.844469,-77.441193
Hydrant,Kings Dominion Waterline Extension 1975,37.84450311,-77.45043633
Hydrant,Doswell Water Main Segment 2 1975,37.84470081,-77.45859251
Hydrant,Doswell Water Main Segment 2 1975,37.84495978,-77.46136242
Hydrant,Field Confirmation 032607,37.84511804,-77.45666221
Hydrant,Doswell Water Main Segment 2 1975,37.84525834,-77.46478622
Hydrant,Doswell Water Main Segment 1 Part A 1974,37.8456277,-77.45018803
Hydrant,"King's Dominion Campground Hydrant
Cabin Area",37.846494,-77.437912
Hydrant,Doswell Water Main Segment 1 Part A 1974,37.84698131,-77.44753966
Hydrant,"King's Dominion Campground Hydrant
West",37.847139,-77.440578
Hydrant,"King's Dominion Campground 
Hydrant
South East",37.847313,-77.436551
Hydrant,Flippo Waterline,37.84779706,-77.46417406
Hydrant,Kings Dominion Dormitory,37.84790278,-77.44272696
Hydrant,Doswell Water Main Segment 1 Part A 1974,37.84825127,-77.4437707
Hydrant,"King's Dominion Campground Hydrant
Welcome Center",37.848298,-77.439029
Hydrant,Kings Dominion Dormitory,37.84832273,-77.44162008
Hydrant,Kings Dominion Dormitory,37.84834485,-77.44192653
Hydrant,,37.84872072,-77.44506625
Hydrant,International Street,37.84939605,-77.44605629
Hydrant,Doswell Hotels,37.84939774,-77.44586076
Hydrant,Doswell Water Main Segment 1 Part A 1974,37.84947246,-77.44142264
Hydrant,Doswell Hotels,37.84953393,-77.44557144
Hydrant,Route 30 (State Fair),37.84955134,-77.43984266
Hydrant,International Street,37.84992261,-77.44776278
Hydrant,Doswell Hotels,37.8499295,-77.44600173
Hydrant,Flippo Waterline,37.85033925,-77.46408411
Hydrant,Dominion Pottery,37.85094623,-77.44866985
Hydrant,Beaverdam Land Development,37.85222598,-77.45228259
Hydrant,Beaverdam Land Development,37.85241202,-77.45325389
Hydrant,Flippo Waterline,37.8530585,-77.46421302
Hydrant,Beaverdam Land Development,37.85311073,-77.45119927
Hydrant,Beaverdam Land Development,37.8537161,-77.45253944
Hydrant,Flippo Waterline,37.85542237,-77.46431511
Hydrant,Water Treatment Facility Doswell Installation 1974,37.85655361,-77.42815321
Hydrant,Flippo Waterline,37.85785349,-77.46417946
Hydrant,Water Treatment Facility Doswell Installation 1974,37.85921255,-77.43614831
Hydrant,Doswell Rd & Route 1,37.860491,-77.464325
Hydrant,SB Cox Ready Mix Doswell Plant,37.86128069,-77.46429672
Hydrant,SB Cox Ready Mix Doswell Plant,37.86308979,-77.46433759
Hydrant,Route 1 North Waterline Extension to Verdon Road...,37.86504805,-77.46425517
Hydrant,Route 1 North Waterline Extension to Verdon Road...,37.86559576,-77.46516822
Hydrant ,Brooks Farm road building 11,37.62173328,-77.34452549
Hydrant ,Magnolia Cottage Drive  ,37.6256414,-77.34599702
Hydrant ,Covenant woods rear of lodge ,37.62587163,-77.34494694
Hydrant ,"Covenant Woods,  east and West cottage intersection. ",37.62737671,-77.3445959
Hydrant ,Covenant Woods wing M,37.62787406,-77.34544281
Hydrant ,MRMC Child Care Center,37.62928962,-77.38317445
Hydrant ,Life Church. Atlee Rd,37.63595203,-77.38743983
Hydrant ,"Charleston Ridge, 10455, A/D Corner ",37.6876623,-77.4398331
Hydrant ,"Charleston Ridge, 10455, B/C Corner ",37.68819612,-77.44007751
Hydrant ,"Charleston Ridge, 10451, A/D Corner ",37.68876709,-77.4393208
Hydrant ,"Charleston Ridge, 10449, A/B Corner ",37.68900826,-77.43839845
Hydrant ,Mountain Road (in front of Tyson foods),37.698605,-77.554005
Hydrant ,Blue Ridge Arsenal b/c,37.71080224,-77.45177764
Hydrant ,,37.7466028,-77.48060754
Hydrant ,Hanover Courthouse Entrance ,37.76530485,-77.36687031
Hydrant ,Hanover Courthouse Parking lot ,37.7659664,-77.36785132
Hydrant - New,Cedar Lane and Oaklawn,37.704975,-77.488475
Hydrant - New,11333 Cedar Lane,37.7052,-77.491
Hydrant - New,12517 Winns Church,37.705475,-77.546441
Hydrant - New,13015 Winns Church,37.705538,-77.543482
Hydrant - New,12573 Winns Church,37.705544,-77.543213
Hydrant - New,13065 Winns Church,37.705617,-77.549735
Hydrant - New,12497 Winns Church,37.705795,-77.550425
Hydrant - New,13127 Winns Church,37.706078,-77.551547
Hydrant - New,Cedar Ln & Elmont Rd,37.7062,-77.493
Hydrant - New,12409 Winns Church,37.708157,-77.529379
Hydrant - New,Cedar Lane & Railroad,37.708461,-77.496776
Hydrant - New,12371 Winns Church,37.708889,-77.527761
Hydrant - New,Cedar Lane & Broken Bit,37.708895,-77.499434
Hydrant - New,Cedar Lane & Holly Berry Lane,37.710399,-77.502964
Hydrant - New,Greenwood and Winns Church,37.710861,-77.526026
Hydrant - New,12320 Winns Church,37.712386,-77.524796
Hydrant - New,11601 Cedar Lane,37.71248,-77.506046
Hydrant - New,Cedar Lane & Karen Drive,37.713356,-77.507933
Hydrant - New,12277 Winns Church,37.71399,-77.521595
Hydrant - New,Cedar Lane & Woodstock Heights,37.714896,-77.511651
Hydrant - New,12226 Winns Church,37.714959,-77.519156
Hydrant - New,12109 Cedar Lane,37.715494,-77.513546
Hydrant - New,Cedar Lane & Winns Church,37.716407,-77.516253
